City_ID,City,Country,Date,Lat,Lng,Max Temp,Humidity,Cloudiness,Wind Speed
0,Codrington,AU,2021-04-11 02:23:40,-38.2667,141.9667,54.99,60,100,21.03
1,Punta Arenas,CL,2021-04-11 02:19:24,-53.15,-70.9167,48.2,66,40,25.32
2,East London,ZA,2021-04-11 02:23:40,-33.0153,27.9116,68.99,89,100,4.97
3,Tasiilaq,GL,2021-04-11 02:23:41,65.6145,-37.6368,30.2,55,30,4.61
4,Port Hedland,AU,2021-04-11 02:23:41,-20.3167,118.5667,91.4,55,58,10.36
5,Barrow,US,2021-04-11 02:23:41,71.2906,-156.7887,-7.6,71,40,11.5
6,Saldanha,ZA,2021-04-11 02:23:42,-33.0117,17.9442,57.2,88,100,9.64
7,Albany,US,2021-04-11 02:23:42,42.6001,-73.9662,64.99,60,100,2.82
8,Saint-Philippe,RE,2021-04-11 02:23:42,-21.3585,55.7679,77.0,78,0,5.75
9,Tual,ID,2021-04-11 02:23:42,-5.6667,132.75,83.55,71,75,10.6
10,Busselton,AU,2021-04-11 02:23:43,-33.65,115.3333,59.0,92,100,7.0
11,Ribeira Grande,PT,2021-04-11 02:23:43,38.5167,-28.7,62.08,90,86,17.49
12,Dubbo,AU,2021-04-11 02:23:43,-32.25,148.6167,60.8,41,75,19.57
13,Rikitea,PF,2021-04-11 02:23:44,-23.1203,-134.9692,78.67,74,6,11.25
14,Thompson,CA,2021-04-11 02:23:44,55.7435,-97.8558,33.8,64,40,9.22
15,Faanui,PF,2021-04-11 02:19:24,-16.4833,-151.75,82.53,70,59,7.45
16,Faya,SA,2021-04-11 02:23:44,18.3851,42.4509,62.6,23,0,8.05
17,Beringovskiy,RU,2021-04-11 02:23:45,63.05,179.3167,8.04,93,100,23.26
18,Hasaki,JP,2021-04-11 02:23:45,35.7333,140.8333,61.0,55,75,3.44
19,Mukhen,RU,2021-04-11 02:23:46,48.1,136.1,55.36,29,100,13.0
20,Flinders,AU,2021-04-11 02:23:46,-34.5833,150.8552,64.99,44,4,8.99
21,Komsomolskiy,UZ,2021-04-11 02:23:47,40.4272,71.7189,57.2,44,0,6.91
22,Vaini,TO,2021-04-11 02:23:47,-21.2,-175.2,80.6,74,20,8.05
23,Grand-Santi,GF,2021-04-11 02:23:48,4.25,-54.3833,73.35,98,100,2.08
24,Chuy,UY,2021-04-11 02:23:48,-33.6971,-53.4616,69.08,97,100,9.19
25,Marsh Harbour,BS,2021-04-11 02:22:51,26.5412,-77.0636,75.6,71,0,15.41
26,Weiz,AT,2021-04-11 02:23:48,47.2167,15.6167,45.0,69,100,1.99
27,Sao Filipe,CV,2021-04-11 02:23:49,14.8961,-24.4956,74.86,63,3,9.89
28,Sao Joao Da Barra,BR,2021-04-11 02:23:49,-21.6403,-41.0511,72.66,71,0,2.91
29,Ilulissat,GL,2021-04-11 02:23:49,69.2167,-51.1,21.2,79,90,9.22
30,San Luis,AR,2021-04-11 02:22:48,-33.295,-66.3356,45.01,90,1,2.46
31,Mahebourg,MU,2021-04-11 02:23:50,-20.4081,57.7,77.0,83,40,9.22
32,Qaanaaq,GL,2021-04-11 02:23:50,77.484,-69.3632,13.01,91,100,6.4
33,Polovinnoye,RU,2021-04-11 02:23:50,54.7914,65.9864,30.94,92,14,5.84
34,Sioux Lookout,CA,2021-04-11 02:20:03,50.1001,-91.917,39.2,87,90,5.75
35,Guerrero Negro,MX,2021-04-11 02:23:51,27.9769,-114.0611,60.82,80,100,18.92
36,Sterling,US,2021-04-11 02:23:51,39.0062,-77.4286,64.99,72,75,9.22
37,Salalah,OM,2021-04-11 02:20:37,17.0151,54.0924,78.8,78,40,4.61
38,Butaritari,KI,2021-04-11 02:23:51,3.0707,172.7902,82.2,75,100,8.97
39,Upernavik,GL,2021-04-11 02:23:52,72.7868,-56.1549,12.16,90,52,7.49
40,Cidreira,BR,2021-04-11 02:23:52,-30.1811,-50.2056,74.39,83,100,11.3
41,Cockburn Town,TC,2021-04-11 02:23:52,21.4612,-71.1419,75.42,64,55,17.22
42,Mount Isa,AU,2021-04-11 02:23:52,-20.7333,139.5,82.4,26,15,16.11
43,Arcata,US,2021-04-11 02:23:53,40.8665,-124.0828,52.0,61,1,16.11
44,Kanniyakumari,IN,2021-04-11 02:23:53,8.0833,77.5667,81.91,70,2,2.44
45,Kapaa,US,2021-04-11 02:20:43,22.0752,-159.319,75.2,60,90,13.8
46,Aliwal North,ZA,2021-04-11 02:23:53,-30.6937,26.7114,61.63,44,95,3.33
47,Jumla,NP,2021-04-11 02:23:54,29.2747,82.1838,53.71,15,0,2.3
48,Sorland,NO,2021-04-11 02:19:13,67.667,12.6934,36.28,87,100,24.47
49,Usogorsk,RU,2021-04-11 02:19:14,63.4106,48.6872,34.36,85,100,11.83
50,Bengkulu,ID,2021-04-11 02:23:54,-3.8004,102.2655,81.82,72,32,3.11
51,Abaete,BR,2021-04-11 02:23:55,-19.16,-45.4458,63.34,72,0,2.95
52,Mataura,NZ,2021-04-11 02:23:55,-46.1927,168.8643,57.99,87,100,8.99
53,Santa Rosa,PH,2021-04-11 02:21:19,14.3122,121.1114,87.01,61,91,7.0
54,Punta Alta,AR,2021-04-11 02:20:24,-38.8759,-62.0736,56.82,85,94,6.64
55,Acajutla,SV,2021-04-11 02:23:55,13.5928,-89.8275,73.0,90,18,1.01
56,Arlit,NE,2021-04-11 02:23:56,18.7369,7.3853,77.29,10,0,1.5
57,Isangel,VU,2021-04-11 02:23:56,-19.55,169.2667,83.43,76,97,15.86
58,Malakal,SS,2021-04-11 02:19:39,9.5334,31.6605,83.39,14,99,2.93
59,Yellowknife,CA,2021-04-11 02:23:56,62.456,-114.3525,8.6,47,1,8.05
60,Asau,RO,2021-04-11 02:23:57,46.4333,26.4,33.01,58,0,3.31
61,Daru,PG,2021-04-11 02:23:57,-9.0763,143.2092,84.99,67,43,1.9
62,Hermanus,ZA,2021-04-11 02:23:57,-34.4187,19.2345,57.0,95,100,1.01
63,Hithadhoo,MV,2021-04-11 02:23:58,-0.6,73.0833,83.21,68,97,11.07
64,Pevek,RU,2021-04-11 02:23:58,69.7008,170.3133,-9.15,88,75,1.95
65,La Union,PE,2021-04-11 02:23:58,-5.4,-80.75,77.43,63,88,14.67
66,Dingle,PH,2021-04-11 02:23:59,10.9995,122.6711,86.09,61,63,11.61
67,Hobart,AU,2021-04-11 02:21:18,-42.8794,147.3294,50.0,76,75,17.27
68,Ostrovnoy,RU,2021-04-11 02:23:59,68.0531,39.5131,28.58,85,29,21.23
69,Thomasville,US,2021-04-11 02:23:59,35.8826,-80.082,66.0,87,100,8.99
70,Ushuaia,AR,2021-04-11 02:21:31,-54.8,-68.3,46.4,66,40,5.75
71,Chokurdakh,RU,2021-04-11 02:20:36,70.6333,147.9167,-9.67,92,24,0.65
72,Lufilufi,WS,2021-04-11 02:24:00,-13.8745,-171.5986,89.6,62,40,3.44
73,Robertsport,LR,2021-04-11 02:24:00,6.7533,-11.3686,80.4,88,100,7.67
74,Creel,MX,2021-04-11 02:24:00,27.75,-107.6333,53.64,32,72,10.31
75,Bathsheba,BB,2021-04-11 02:24:01,13.2167,-59.5167,78.8,69,20,16.11
76,Atuona,PF,2021-04-11 02:24:01,-9.8,-139.0333,80.85,73,58,17.2
77,Port Alfred,ZA,2021-04-11 02:24:01,-33.5906,26.891,69.31,87,100,4.12
78,Miami Beach,US,2021-04-11 02:22:46,25.7906,-80.1301,77.0,83,40,9.22
79,Iqaluit,CA,2021-04-11 02:24:02,63.7506,-68.5145,21.2,93,90,25.32
80,Comodoro Rivadavia,AR,2021-04-11 02:24:02,-45.8667,-67.5,59.0,47,0,27.63
81,Khatanga,RU,2021-04-11 02:24:02,71.9667,102.5,19.74,94,100,15.17
82,Cherskiy,RU,2021-04-11 02:24:03,68.75,161.3,-3.59,81,81,3.71
83,Karoi,ZW,2021-04-11 02:24:03,-16.8099,29.6925,54.99,81,0,3.76
84,Jamestown,US,2021-04-11 02:24:03,42.097,-79.2353,62.6,59,1,14.97
85,Puerto Ayora,EC,2021-04-11 02:24:03,-0.7393,-90.3518,75.99,94,77,3.0
86,Bara,NG,2021-04-11 02:24:04,10.3744,10.7288,80.06,19,34,2.95
87,Moose Factory,CA,2021-04-11 02:24:04,51.2585,-80.6094,51.8,93,90,6.91
88,Constitucion,CL,2021-04-11 02:20:07,-35.3333,-72.4167,52.48,80,0,10.94
89,Cabo San Lucas,MX,2021-04-11 02:23:28,22.8909,-109.9124,80.6,28,40,13.13
90,Saskylakh,RU,2021-04-11 02:24:04,71.9167,114.0833,8.26,75,100,11.16
91,Marathon,US,2021-04-11 02:24:05,44.9,-89.7668,51.8,76,90,9.22
92,Lavrentiya,RU,2021-04-11 02:24:05,65.5833,-171.0,1.44,78,100,22.17
93,Ca Mau,VN,2021-04-11 02:24:06,9.1769,105.15,85.78,60,65,12.19
94,Vila Velha,BR,2021-04-11 02:24:06,-20.3297,-40.2925,68.0,88,0,4.61
95,Bairiki,KI,2021-04-11 02:24:06,1.3292,172.9752,86.0,70,75,9.22
96,Teguldet,RU,2021-04-11 02:21:16,57.3064,88.1667,34.74,77,100,2.98
97,Port Elizabeth,ZA,2021-04-11 02:24:07,-33.918,25.5701,68.0,88,90,4.61
98,Yatou,CN,2021-04-11 02:24:07,37.15,122.3833,57.61,53,35,13.82
99,Talcahuano,CL,2021-04-11 02:24:08,-36.7167,-73.1167,53.6,76,40,6.91
100,Lima,PE,2021-04-11 02:20:05,-12.0432,-77.0282,68.0,83,0,8.05
101,Lagoa,PT,2021-04-11 02:24:08,39.05,-27.9833,59.95,96,100,20.83
102,Tukrah,LY,2021-04-11 02:20:11,32.5341,20.5791,53.01,61,100,8.25
103,Saint George,US,2021-04-11 02:24:09,37.1041,-113.5841,77.0,8,1,6.91
104,Kaitangata,NZ,2021-04-11 02:24:09,-46.2817,169.8464,63.0,83,98,10.0
105,Kavaratti,IN,2021-04-11 02:24:09,10.5669,72.642,82.98,66,95,3.36
106,Three Hills,CA,2021-04-11 02:24:10,51.7001,-113.2686,35.6,55,93,21.85
107,Havre-Saint-Pierre,CA,2021-04-11 02:24:10,50.2334,-63.5986,33.8,64,75,3.44
108,Hambantota,LK,2021-04-11 02:24:10,6.1241,81.1185,78.8,94,0,4.61
109,Kodiak,US,2021-04-11 02:24:10,57.79,-152.4072,35.6,64,40,9.22
110,Halifax,CA,2021-04-11 02:21:33,44.6453,-63.5724,37.4,60,92,9.22
111,College,US,2021-04-11 02:24:11,64.8569,-147.8028,18.0,29,40,5.75
112,Longyearbyen,SJ,2021-04-11 02:24:11,78.2186,15.6401,19.4,63,40,19.57
113,Ponta Do Sol,PT,2021-04-11 02:24:12,32.6667,-17.1,59.0,72,95,1.99
114,Nuuk,GL,2021-04-11 02:24:06,64.1835,-51.7216,26.6,100,90,5.75
115,Krabi,TH,2021-04-11 02:24:12,8.0726,98.9105,87.01,79,20,4.61
116,Bluff,NZ,2021-04-11 02:24:12,-46.6,168.3333,57.99,87,100,8.99
117,Dalbandin,PK,2021-04-11 02:24:13,28.8947,64.4101,71.6,16,0,6.17
118,Arraial Do Cabo,BR,2021-04-11 02:24:13,-22.9661,-42.0278,75.63,69,0,13.58
119,Gunupur,IN,2021-04-11 02:24:13,19.0833,83.8167,81.59,65,1,1.54
120,Cape Town,ZA,2021-04-11 02:23:36,-33.9258,18.4232,63.0,94,0,8.05
121,Souillac,MU,2021-04-11 02:21:15,-20.5167,57.5167,77.0,83,40,9.22
122,Russell,US,2021-04-11 02:24:14,32.3502,-85.1999,62.6,94,1,3.44
123,Ixtapa,MX,2021-04-11 02:23:09,20.7,-105.2,75.2,83,40,4.61
124,Luena,AO,2021-04-11 02:24:14,-11.7833,19.9167,57.22,95,53,2.68
125,Saint Anthony,US,2021-04-11 02:24:14,45.0205,-93.218,46.99,71,90,11.5
126,Stornoway,GB,2021-04-11 02:24:15,58.2093,-6.3865,32.0,93,100,6.91
127,Presidencia Roque Saenz Pena,AR,2021-04-11 02:24:15,-26.7852,-60.4388,82.0,79,89,1.01
128,Georgetown,MY,2021-04-11 02:20:40,5.4112,100.3354,86.0,83,20,3.44
129,Maroantsetra,MG,2021-04-11 02:24:15,-15.4333,49.7333,74.3,91,100,1.14
130,Cabanas,CU,2021-04-11 02:24:16,22.9758,-82.9219,78.8,83,75,5.75
131,Dunedin,NZ,2021-04-11 02:24:16,-45.8742,170.5036,64.13,62,96,4.36
132,Yola,NG,2021-04-11 02:24:16,9.2,12.4833,84.33,38,99,1.63
133,Lata,PT,2021-04-11 02:24:17,40.1629,-8.3327,57.99,96,76,0.67
134,Chernyshevskiy,RU,2021-04-11 02:24:17,63.0128,112.4714,9.68,74,6,7.7
135,Castro,BR,2021-04-11 02:24:17,-24.7911,-50.0119,59.56,69,6,2.42
136,Erzin,TR,2021-04-11 02:24:17,36.9559,36.2,46.99,83,100,8.99
137,Augusto Correa,BR,2021-04-11 02:24:18,-1.0217,-46.635,73.38,97,100,2.75
138,Indramayu,ID,2021-04-11 02:24:18,-6.3264,108.32,82.17,70,97,1.77
139,Ribera,IT,2021-04-11 02:24:18,37.4984,13.2642,50.0,94,39,8.99
140,Caxito,AO,2021-04-11 02:24:19,-8.5785,13.6643,77.0,83,40,2.3
141,Ancud,CL,2021-04-11 02:24:19,-41.8697,-73.8203,53.01,100,90,14.97
142,Nanortalik,GL,2021-04-11 02:24:19,60.1432,-45.2371,34.41,88,3,9.73
143,San Quintin,MX,2021-04-11 02:24:19,30.4833,-115.95,59.23,84,96,13.87
144,Sfantu Gheorghe,RO,2021-04-11 02:24:20,45.8667,25.7833,33.01,77,0,2.06
145,Pizarro,CO,2021-04-11 02:24:20,4.9533,-77.366,77.58,86,53,3.53
146,Qandala,SO,2021-04-11 02:24:20,11.472,49.8728,78.89,55,2,8.25
147,Oxbow,CA,2021-04-11 02:24:21,49.2333,-102.1676,54.0,32,97,4.0
148,Ahipara,NZ,2021-04-11 02:24:21,-35.1667,173.1667,72.84,64,0,5.19
149,New Norfolk,AU,2021-04-11 02:24:21,-42.7826,147.0587,50.0,79,100,1.99
150,Camabatela,AO,2021-04-11 02:24:22,-8.1881,15.375,61.59,96,100,4.65
151,Norman Wells,CA,2021-04-11 02:24:22,65.282,-126.8329,-5.8,77,90,16.11
152,Hilo,US,2021-04-11 02:24:22,19.7297,-155.09,77.0,50,90,8.05
153,Nurota,UZ,2021-04-11 02:24:22,40.5614,65.6886,53.6,58,0,4.61
154,Geraldton,AU,2021-04-11 02:24:23,-28.7667,114.6,89.6,33,78,26.46
155,Dikson,RU,2021-04-11 02:24:23,73.5069,80.5464,25.65,95,100,24.7
156,Shelburne,CA,2021-04-11 02:24:23,44.0787,-80.2041,59.0,60,100,7.81
157,Los Llanos De Aridane,ES,2021-04-11 02:24:23,28.6585,-17.9182,64.4,72,0,6.91
158,Tuktoyaktuk,CA,2021-04-11 02:24:24,69.4541,-133.0374,-11.2,70,1,12.66
159,Lebu,CL,2021-04-11 02:24:24,-37.6167,-73.65,51.3,87,6,6.98
160,Clyde River,CA,2021-04-11 02:24:24,70.4692,-68.5914,30.2,55,90,10.36
161,Torbay,CA,2021-04-11 02:24:25,47.6666,-52.7314,34.0,100,90,3.44
162,Korla,CN,2021-04-11 02:24:25,41.7597,86.1469,56.8,43,3,6.73
163,Krasnoselkup,RU,2021-04-11 02:24:26,65.7,82.4667,31.24,88,31,6.96
164,Ardakan,IR,2021-04-11 02:24:27,32.31,54.0175,68.0,26,40,2.3
165,Kampene,CD,2021-04-11 02:24:27,-3.6,26.6667,66.58,98,100,1.57
166,Brigantine,US,2021-04-11 02:24:27,39.4101,-74.3646,55.99,100,75,5.75
167,Peruibe,BR,2021-04-11 02:24:28,-24.32,-46.9983,69.31,81,1,5.03
168,Mugumu,TZ,2021-04-11 02:24:28,-1.85,34.7,59.68,94,100,3.71
169,Merritt Island,US,2021-04-11 02:21:30,28.5392,-80.672,70.0,77,40,10.36
170,Kuching,MY,2021-04-11 02:24:28,1.55,110.3333,77.0,94,40,3.44
171,Balykshi,KZ,2021-04-11 02:24:29,47.0667,51.8667,59.0,31,10,22.37
172,Narsaq,GL,2021-04-11 02:24:29,60.9167,-46.05,35.6,80,44,4.61
173,Nome,US,2021-04-11 02:24:29,64.5011,-165.4064,14.0,62,90,17.27
174,Leningradskiy,RU,2021-04-11 02:24:29,69.3833,178.4167,-2.85,91,99,3.18
175,Namibe,AO,2021-04-11 02:24:30,-15.1961,12.1522,79.41,69,42,6.87
176,Esperance,AU,2021-04-11 02:24:30,-33.8667,121.9,64.4,59,99,14.97
177,Teguise,ES,2021-04-11 02:24:31,29.0605,-13.564,64.4,77,0,9.22
178,Lazaro Cardenas,MX,2021-04-11 02:24:31,17.9583,-102.2,76.23,67,0,8.25
179,Brownsville,US,2021-04-11 02:22:09,25.9018,-97.4975,73.4,78,90,11.5
180,Slave Lake,CA,2021-04-11 02:24:32,55.2834,-114.769,26.6,86,90,17.27
181,Waitara,NZ,2021-04-11 02:24:14,-38.925,174.25,71.01,92,67,1.99
182,Zwedru,LR,2021-04-11 02:21:01,6.0667,-8.1281,73.78,97,100,3.2
183,Birin,NP,2021-04-11 02:24:32,26.8865,88.0718,70.18,18,0,2.08
184,Kanye,BW,2021-04-11 02:24:32,-24.9667,25.3327,61.0,53,0,1.88
185,Egvekinot,RU,2021-04-11 02:24:33,66.3167,-179.1667,0.91,76,100,14.7
186,Victoria,HK,2021-04-11 02:21:08,22.2855,114.1577,73.99,76,12,5.01
187,Goma,CD,2021-04-11 02:24:33,-1.6792,29.2228,62.53,90,100,2.17
188,Shubarshi,KZ,2021-04-11 02:24:33,48.5872,57.1869,41.5,81,67,11.74
189,Xuddur,SO,2021-04-11 02:24:34,4.1213,43.8894,72.7,83,86,13.02
190,Tomaszow Mazowiecki,PL,2021-04-11 02:24:34,51.5313,20.0086,46.0,87,100,2.3
191,Saint-Joseph,RE,2021-04-11 02:22:11,-21.3667,55.6167,77.0,78,0,5.75
192,Berlevag,NO,2021-04-11 02:24:34,70.8578,29.0864,26.29,68,31,20.56
193,Ponta Delgada,PT,2021-04-11 02:24:35,37.7333,-25.6667,62.6,94,75,10.36
194,Wisconsin Rapids,US,2021-04-11 02:24:35,44.3836,-89.8174,48.2,93,90,10.36
195,Arroyo,ES,2021-04-11 02:24:35,41.6096,-4.7969,48.99,100,90,4.61
196,Basco,PH,2021-04-11 02:24:36,20.4487,121.9702,76.89,74,100,21.12
197,Mwinilunga,ZM,2021-04-11 02:24:36,-11.7358,24.4293,57.22,96,97,3.87
198,Bulgan,MN,2021-04-11 02:24:17,48.8125,103.5347,23.23,65,100,16.28
199,Bethel,US,2021-04-11 02:24:36,41.3712,-73.414,57.99,90,100,4.14
200,Shishou,CN,2021-04-11 02:24:36,29.7226,112.419,56.03,94,100,3.09
201,Shingu,JP,2021-04-11 02:24:37,33.7333,135.9833,62.6,51,20,9.22
202,Mersin,TR,2021-04-11 02:21:38,36.862,34.6509,48.2,76,75,5.75
203,La Libertad,EC,2021-04-11 02:24:37,-2.2333,-80.9,74.97,82,63,6.89
204,Las Matas De Farfan,DO,2021-04-11 02:24:38,18.8731,-71.5166,71.85,79,96,2.98
205,Nikolskoye,RU,2021-04-11 02:24:38,59.7035,30.7861,36.0,74,0,6.71
206,Praia,CV,2021-04-11 02:24:38,14.9215,-23.5087,73.4,49,0,11.5
207,Granger,US,2021-04-11 02:24:39,41.7481,-86.1257,53.6,82,90,4.61
208,Lorengau,PG,2021-04-11 02:24:39,-2.0226,147.2712,82.0,84,100,17.58
209,Cam Ranh,VN,2021-04-11 02:24:39,11.9214,109.1591,75.2,100,75,4.61
210,Kahului,US,2021-04-11 02:24:40,20.8947,-156.47,78.8,53,20,10.36
211,Rawson,AR,2021-04-11 02:20:07,-43.3002,-65.1023,62.71,36,49,8.63
212,Coihaique,CL,2021-04-11 02:24:40,-45.5752,-72.0662,44.42,95,100,6.6
213,Sitka,US,2021-04-11 02:22:10,57.0531,-135.33,33.8,75,90,6.91
214,Srednekolymsk,RU,2021-04-11 02:24:40,67.45,153.6833,-0.49,83,100,9.84
215,Alyangula,AU,2021-04-11 02:24:41,-13.8483,136.4192,87.8,79,40,6.91
216,Mar Del Plata,AR,2021-04-11 02:24:41,-38.0023,-57.5575,64.4,72,90,20.71
217,Fukue,JP,2021-04-11 02:23:12,32.6881,128.8419,64.4,59,0,8.05
218,Muroto,JP,2021-04-11 02:24:41,33.2833,134.15,64.4,45,40,10.36
219,Bijar,IR,2021-04-11 02:24:42,35.8668,47.6051,49.8,64,100,3.69
220,Tecoanapa,MX,2021-04-11 02:24:42,16.5167,-98.75,79.18,68,0,7.02
221,Mehamn,NO,2021-04-11 02:24:42,71.0357,27.8492,29.93,89,100,21.41
222,Hobyo,SO,2021-04-11 02:24:42,5.3505,48.5268,81.48,61,12,14.54
223,Zugdidi,GE,2021-04-11 02:24:43,42.5088,41.8709,44.6,93,90,4.61
224,Sao Felix Do Xingu,BR,2021-04-11 02:24:43,-6.6447,-51.995,71.78,97,80,1.79
225,Severo-Kurilsk,RU,2021-04-11 02:24:43,50.6789,156.125,31.23,74,24,23.51
226,Ambilobe,MG,2021-04-11 02:24:44,-13.2,49.05,71.42,92,100,3.24
227,Mount Gambier,AU,2021-04-11 02:23:04,-37.8333,140.7667,57.2,58,90,24.16
228,Ambon,ID,2021-04-11 02:24:44,-3.6954,128.1814,87.8,66,20,5.75
229,Kyren,RU,2021-04-11 02:24:44,51.6828,102.1408,28.2,60,95,1.3
230,Bredasdorp,ZA,2021-04-11 02:24:45,-34.5322,20.0403,53.6,94,100,4.61
231,Kalmar,SE,2021-04-11 02:24:45,56.6616,16.3616,30.99,86,98,1.21
232,Lakes Entrance,AU,2021-04-11 02:24:45,-37.8811,147.981,51.01,77,97,5.01
233,Praya,CV,2021-04-11 02:24:46,14.9215,-23.5087,73.4,49,0,11.5
234,Outjo,NA,2021-04-11 02:24:46,-20.1167,16.15,62.08,42,0,11.7
235,Kavieng,PG,2021-04-11 02:24:47,-2.5744,150.7967,81.23,81,61,9.46
236,Anaconda,US,2021-04-11 02:24:48,46.1285,-112.9423,30.2,64,90,16.11
237,Ambovombe,MG,2021-04-11 02:24:49,-25.1667,46.0833,72.59,90,14,8.21
238,Muyezerskiy,RU,2021-04-11 02:24:49,63.9333,31.65,29.52,89,99,12.24
239,Worthington,US,2021-04-11 02:23:57,40.0931,-83.018,62.01,93,100,1.99
240,Mackay,AU,2021-04-11 02:24:49,-21.15,149.2,89.01,62,15,8.05
241,Tongling,CN,2021-04-11 02:24:50,30.95,117.7833,58.59,74,100,2.53
242,Sinnamary,GF,2021-04-11 02:24:50,5.3833,-52.95,77.36,87,100,7.38
243,Kruisfontein,ZA,2021-04-11 02:21:34,-34.0033,24.7314,59.45,77,75,4.61
244,Talnakh,RU,2021-04-11 02:20:20,69.4865,88.3972,25.99,98,81,4.29
245,Tiksi,RU,2021-04-11 02:24:50,71.6872,128.8694,-1.23,83,18,7.78
246,Taltal,CL,2021-04-11 02:20:20,-25.4,-70.4833,64.67,81,2,3.31
247,Forbesganj,IN,2021-04-11 02:24:51,26.3,87.25,82.0,14,0,6.49
248,Gonc,HU,2021-04-11 02:24:51,48.4667,21.2833,39.2,75,0,6.91
249,Khandbari,NP,2021-04-11 02:24:51,27.3747,87.2039,76.91,11,0,1.83
250,Tura,IN,2021-04-11 02:24:52,25.5198,90.2201,80.83,54,0,7.2
251,Airai,TL,2021-04-11 02:24:52,-8.9266,125.4092,72.73,54,96,2.08
252,Bealanana,MG,2021-04-11 02:24:52,-14.55,48.7333,63.54,94,100,3.65
253,Provideniya,RU,2021-04-11 02:24:53,64.3833,-173.3,3.7,86,100,22.64
254,Henties Bay,NA,2021-04-11 02:24:53,-22.116,14.2845,73.99,43,0,4.59
255,Kauhajoki,FI,2021-04-11 02:24:53,62.4333,22.1833,28.99,93,0,2.3
256,Svetlogorsk,BY,2021-04-11 02:24:53,52.6333,29.7333,38.7,74,14,7.65
257,Qaqortoq,GL,2021-04-11 02:24:54,60.7167,-46.0333,35.6,80,30,4.61
258,Sroda Wielkopolska,PL,2021-04-11 02:24:54,52.2284,17.2762,43.0,93,100,5.01
259,Kholm,RU,2021-04-11 02:24:54,59.2667,32.85,30.45,93,5,5.32
260,Mattru,SL,2021-04-11 02:24:55,7.6244,-11.8332,78.06,89,100,2.15
261,Acapulco,MX,2021-04-11 02:24:55,16.8634,-99.8901,80.6,74,40,4.61
262,Carnarvon,AU,2021-04-11 02:24:55,-24.8667,113.6333,86.0,66,100,31.07
263,Laguna,US,2021-04-11 02:24:56,38.421,-121.4238,75.2,35,1,9.22
264,Edson,CA,2021-04-11 02:21:24,53.5835,-116.4356,28.4,59,75,11.5
265,Plettenberg Bay,ZA,2021-04-11 02:24:56,-34.0527,23.3716,62.13,71,91,2.44
266,Tupaciguara,BR,2021-04-11 02:24:34,-18.5922,-48.705,66.2,63,0,5.75
267,Kirakira,SB,2021-04-11 02:24:56,-10.4544,161.9205,84.43,70,80,7.99
268,Port Hardy,CA,2021-04-11 02:24:57,50.6996,-127.4199,42.8,61,40,12.66
269,Ipixuna,BR,2021-04-11 02:24:57,-1.7625,-48.8043,77.0,88,0,6.91
270,Fortuna,US,2021-04-11 02:24:58,40.5982,-124.1573,48.99,71,1,13.8
271,Temirgoyevskaya,RU,2021-04-11 02:24:58,45.1141,40.2803,41.04,92,100,4.12
272,La Ronge,CA,2021-04-11 02:24:58,55.1001,-105.2842,32.0,100,100,6.91
273,Matara,LK,2021-04-11 02:24:59,5.9485,80.5353,78.37,82,19,1.52
274,Awbari,LY,2021-04-11 02:24:59,26.5921,12.7805,67.98,30,57,18.3
275,Mugur-Aksy,RU,2021-04-11 02:24:59,50.35,90.5,18.77,67,5,6.17
276,Oriximina,BR,2021-04-11 02:24:05,-1.7656,-55.8661,74.55,92,100,2.93
277,Amapa,BR,2021-04-11 02:25:00,1.0,-52.0,71.58,98,100,1.81
278,Machilipatnam,IN,2021-04-11 02:25:00,16.1667,81.1333,78.8,89,40,8.05
279,Batticaloa,LK,2021-04-11 02:25:01,7.7102,81.6924,80.47,75,47,5.01
280,Cheremnoye,RU,2021-04-11 02:25:01,53.1697,83.2133,37.4,48,0,11.18
281,Maningrida,AU,2021-04-11 02:25:01,-12.0667,134.2667,87.75,61,100,2.13
282,Richards Bay,ZA,2021-04-11 02:25:03,-28.783,32.0377,68.16,88,5,9.35
283,Bograd,RU,2021-04-11 02:25:03,54.2344,90.8328,37.4,38,0,4.47
284,Sitrah,BH,2021-04-11 02:25:04,26.1547,50.6206,77.0,57,0,12.66
285,Puerto Del Rosario,ES,2021-04-11 02:25:04,28.5004,-13.8627,64.4,77,0,6.91
286,Matamoros,MX,2021-04-11 02:25:05,25.5333,-103.25,87.8,7,1,9.13
287,Avarua,CK,2021-04-11 02:25:05,-21.2078,-159.775,82.4,83,75,5.75
288,A Coruna,ES,2021-04-11 02:24:53,43.3713,-8.396,52.0,93,90,3.44
289,Ramona,US,2021-04-11 02:22:17,33.0417,-116.8681,64.0,67,1,5.75
290,Pacific Grove,US,2021-04-11 02:25:06,36.6177,-121.9166,55.4,67,1,9.22
291,Wasilla,US,2021-04-11 02:25:07,61.5814,-149.4394,23.0,25,1,4.61
292,Martapura,ID,2021-04-11 02:25:07,-3.4167,114.85,82.4,78,20,6.91
293,Alofi,NU,2021-04-11 02:25:07,-19.0595,-169.9187,82.4,69,11,4.61
294,Dingzhou,CN,2021-04-11 02:25:08,38.5131,114.9956,60.8,51,100,6.71
295,Kamenka,RU,2021-04-11 02:25:08,51.3223,42.7678,37.99,93,99,1.99
296,Voyinka,UA,2021-04-11 02:25:09,45.8699,33.9914,42.35,63,86,11.43
297,Tuatapere,NZ,2021-04-11 02:25:09,-46.1333,167.6833,57.99,87,100,8.99
298,Abha,SA,2021-04-11 02:25:09,18.2164,42.5053,62.6,23,0,8.05
299,Ust-Nera,RU,2021-04-11 02:25:10,64.5667,143.2,4.12,82,97,9.37
300,Naze,JP,2021-04-11 02:25:10,28.3667,129.4833,71.6,64,20,19.57
301,Saint-Augustin,CA,2021-04-11 02:25:10,51.226,-58.6502,37.08,94,100,15.5
302,Namatanai,PG,2021-04-11 02:25:11,-3.6667,152.4333,82.13,79,98,8.93
303,Novoderevyankovskaya,RU,2021-04-11 02:25:11,46.3231,38.7472,43.83,80,100,6.82
304,Bawku,GH,2021-04-11 02:25:11,11.0616,-0.2417,87.93,36,19,7.67
305,Itaituba,BR,2021-04-11 02:25:12,-4.2761,-55.9836,78.8,94,20,0.78
306,Saiha,IN,2021-04-11 02:25:12,22.4833,92.9667,84.87,40,0,1.68
307,Guanambi,BR,2021-04-11 02:25:12,-14.2233,-42.7814,75.58,52,99,14.12
308,Wajir,KE,2021-04-11 02:25:13,1.7471,40.0573,76.86,74,40,10.07
309,Tautira,PF,2021-04-11 02:25:13,-17.7333,-149.15,84.2,61,75,8.05
310,Moerai,PF,2021-04-11 02:25:13,-22.4333,-151.3333,78.17,80,95,12.73
311,Churapcha,RU,2021-04-11 02:25:14,62.0025,132.4325,16.74,92,100,12.95
312,Port Lincoln,AU,2021-04-11 02:25:14,-34.7333,135.8667,61.77,53,61,14.83
313,Manyana,BW,2021-04-11 02:25:14,-23.4,21.7167,65.88,44,0,7.92
314,Ulaanbaatar,MN,2021-04-11 02:25:15,47.9077,106.8832,24.8,80,90,17.9
315,Sao Miguel,BR,2021-04-11 02:25:15,-5.4667,-35.3667,77.0,100,75,6.91
316,Roma,US,2021-04-11 02:25:16,43.2128,-75.4557,62.01,58,1,4.05
317,Mecca,SA,2021-04-11 02:25:16,21.4267,39.8261,70.29,47,0,7.05
318,Cintalapa,MX,2021-04-11 02:25:17,16.6951,-93.7272,72.28,76,0,5.14
319,Caravelas,BR,2021-04-11 02:25:17,-17.7125,-39.2481,73.72,84,76,4.65
320,Northam,GB,2021-04-11 02:25:17,51.0333,-4.2167,39.99,83,39,5.99
321,Leshukonskoye,RU,2021-04-11 02:25:18,64.8989,45.7622,38.12,87,100,14.38
322,Corrente,BR,2021-04-11 02:25:18,-3.7367,-43.3394,71.53,97,98,2.98
323,Nauta,PE,2021-04-11 02:25:18,-4.5061,-73.5757,73.58,96,99,1.32
324,Olafsvik,IS,2021-04-11 02:25:18,64.8945,-23.7142,39.13,96,100,11.39
325,Stolin,BY,2021-04-11 02:25:19,51.8912,26.846,40.39,78,14,7.2
326,Menongue,AO,2021-04-11 02:25:19,-14.6585,17.691,59.14,67,44,3.87
327,Yenagoa,NG,2021-04-11 02:25:19,4.9247,6.2642,79.11,87,100,2.57
328,Khash,IR,2021-04-11 02:25:20,28.2211,61.2158,60.96,23,0,2.08
329,Devils Lake,US,2021-04-11 02:23:57,48.1128,-98.8651,51.01,32,1,10.36
330,Mitzic,GA,2021-04-11 02:25:20,0.7821,11.549,67.75,98,100,4.52
331,San Patricio,US,2021-04-11 02:25:20,28.017,-97.5169,77.0,53,1,6.91
332,Kutum,SD,2021-04-11 02:25:21,14.2,24.6667,68.79,16,6,17.02
333,Bambous Virieux,MU,2021-04-11 02:25:21,-20.3428,57.7575,79.0,83,40,9.22
334,North Bend,US,2021-04-11 02:25:21,43.4065,-124.2243,46.99,66,1,16.11
335,Gweta,BW,2021-04-11 02:25:22,-20.1833,25.2333,64.74,51,0,7.16
336,Akyab,MM,2021-04-11 02:25:22,20.15,92.9,81.48,69,46,3.6
337,Muros,ES,2021-04-11 02:22:37,42.7762,-9.0603,53.01,76,51,17.05
338,South Lake Tahoe,US,2021-04-11 02:25:22,38.9332,-119.9844,61.0,35,1,4.59
339,Usinsk,RU,2021-04-11 02:23:12,65.9939,57.5281,32.59,89,100,21.25
340,Newry,GB,2021-04-11 02:25:23,54.1784,-6.3374,32.0,81,7,1.99
341,Gouyave,GD,2021-04-11 02:25:23,12.1646,-61.7296,80.6,78,40,11.5
342,Ginir,ET,2021-04-11 02:25:23,7.1333,40.7,58.51,73,85,5.59
343,Pochutla,MX,2021-04-11 02:25:24,15.7432,-96.4661,80.01,74,19,3.0
344,Te Anau,NZ,2021-04-11 02:20:28,-45.4167,167.7167,55.26,94,100,2.57
345,Ayan,RU,2021-04-11 02:25:24,56.45,138.1667,28.53,90,95,6.98
346,Bagotville,AU,2021-04-11 02:25:24,-28.9833,153.4167,78.8,38,2,11.5
347,Bentiu,SS,2021-04-11 02:25:25,9.2333,29.8333,81.7,37,100,4.07
348,Papara,BR,2021-04-11 02:25:25,-3.9839,-38.7273,82.4,94,75,11.5
349,Adrar,MR,2021-04-11 02:25:26,20.5022,-10.0711,74.57,24,0,12.8
350,Nouadhibou,MR,2021-04-11 02:25:26,20.931,-17.0347,66.2,72,83,20.71
351,Porto De Moz,BR,2021-04-11 02:25:27,-1.7483,-52.2383,73.27,96,58,2.84
352,Ileza,RU,2021-04-11 02:25:27,61.0533,43.9002,33.49,83,58,10.87
353,Maceio,BR,2021-04-11 02:25:28,-9.6658,-35.7353,71.6,100,75,4.61
354,Sibolga,ID,2021-04-11 02:25:28,1.7427,98.7792,82.85,71,19,0.18
355,Rajsamand,IN,2021-04-11 02:25:28,25.0667,73.8833,71.6,30,0,3.69
356,Linxia,CN,2021-04-11 02:25:28,35.6003,103.2064,44.46,77,100,1.83
357,Whitehorse,CA,2021-04-11 02:25:29,60.7161,-135.0538,8.01,40,20,4.18
358,Najran,SA,2021-04-11 02:25:29,17.4924,44.1277,68.0,21,0,5.46
359,Palmer,US,2021-04-11 02:25:29,42.1584,-72.3287,60.8,72,90,5.75
360,Kulhudhuffushi,MV,2021-04-11 02:25:30,6.6221,73.07,82.6,71,18,2.55
361,Narayanganj,BD,2021-04-11 02:25:30,23.6233,90.5011,82.4,74,75,11.5
362,Utrecht,NL,2021-04-11 02:23:01,52.0,5.25,37.99,96,100,5.01
363,Boende,CD,2021-04-11 02:25:30,-0.2167,20.8667,71.49,99,100,3.24
364,Pangnirtung,CA,2021-04-11 02:22:09,66.1451,-65.7125,28.31,82,100,5.57
365,Cabra,ES,2021-04-11 02:25:31,37.4725,-4.4421,57.2,88,75,4.61
366,Banda Aceh,ID,2021-04-11 02:25:31,5.5577,95.3222,82.87,74,17,5.35
367,Grand Gaube,MU,2021-04-11 02:25:31,-20.0064,57.6608,79.0,73,100,5.01
368,Invermere,CA,2021-04-11 02:25:32,50.5167,-116.0354,35.01,77,98,1.99
369,Salamiyah,SY,2021-04-11 02:25:32,35.0113,37.0532,44.69,78,77,11.48
370,Ovalle,CL,2021-04-11 02:25:32,-30.5983,-71.2003,64.72,49,0,2.1
371,Caiaponia,BR,2021-04-11 02:25:33,-16.9567,-51.8103,65.88,77,0,3.27
372,Bilma,NE,2021-04-11 02:25:33,18.6853,12.9164,81.52,8,2,8.95
373,Biloela,AU,2021-04-11 02:25:33,-24.4167,150.5,86.4,35,31,8.9
374,Srikakulam,IN,2021-04-11 02:25:34,18.3,83.9,82.08,58,3,4.97
375,Sooke,CA,2021-04-11 02:25:34,48.3746,-123.7276,44.6,68,27,26.46
376,Bogande,BF,2021-04-11 02:25:34,12.9714,-0.1436,84.76,9,0,6.26
377,Manavalakurichi,IN,2021-04-11 02:25:35,8.1333,77.3,82.4,78,20,2.3
378,Marzuq,YE,2021-04-11 02:25:35,14.4,46.4667,65.66,16,2,5.79
379,Necochea,AR,2021-04-11 02:25:35,-38.5473,-58.7368,55.0,96,100,3.0
380,Genhe,CN,2021-04-11 02:25:36,50.7833,121.5167,36.64,36,100,3.67
381,Mbour,SN,2021-04-11 02:25:36,14.422,-16.9638,68.0,77,0,18.41
382,Hendek,TR,2021-04-11 02:25:36,40.7994,30.7481,30.2,100,40,0.89
383,Yar-Sale,RU,2021-04-11 02:25:36,66.8333,70.8333,27.68,90,24,14.74
384,Gilgit,PK,2021-04-11 02:25:37,35.9221,74.3087,51.66,57,95,3.13
385,Vallenar,CL,2021-04-11 02:25:37,-28.5708,-70.7581,66.36,51,0,2.08
386,Diamantino,BR,2021-04-11 02:25:37,-14.4086,-56.4461,72.43,86,4,3.65
387,Zavet,BG,2021-04-11 02:25:38,43.7667,26.6667,37.33,58,0,6.96
388,Berdigestyakh,RU,2021-04-11 02:25:38,62.0989,126.6992,15.76,82,100,10.04
389,Lahij,YE,2021-04-11 02:25:38,13.1667,44.5833,69.48,70,1,3.58
390,Skegness,GB,2021-04-11 02:25:39,53.1436,0.3363,39.0,86,20,8.05
391,Vostok,RU,2021-04-11 02:25:39,46.4856,135.8833,53.29,31,82,9.51
392,Portland,US,2021-04-11 02:23:41,45.5234,-122.6762,48.99,47,94,3.0
393,Srivardhan,IN,2021-04-11 02:25:39,18.0333,73.0167,82.89,61,64,6.58
394,Xichang,CN,2021-04-11 02:25:40,27.8964,102.2634,66.36,48,1,2.57
395,Bamiantong,CN,2021-04-11 02:25:40,44.9333,130.5333,59.31,36,100,16.28
396,Xunchang,CN,2021-04-11 02:25:40,28.4543,104.715,57.16,87,100,1.7
397,Byron Bay,AU,2021-04-11 02:22:55,-28.65,153.6167,78.8,38,34,11.5
398,Qarchak,IR,2021-04-11 02:25:41,35.4394,51.5689,68.0,28,40,4.61
399,Mulege,MX,2021-04-11 02:25:41,26.8833,-111.9833,73.29,55,76,3.09
400,Sulangan,PH,2021-04-11 02:25:42,11.1373,123.7228,81.57,74,61,13.06
401,Erenhot,CN,2021-04-11 02:25:42,43.6475,111.9767,59.16,39,7,20.42
402,Suez,EG,2021-04-11 02:25:42,29.9737,32.5263,49.35,61,0,5.84
403,Lompoc,US,2021-04-11 02:23:51,34.6391,-120.4579,55.4,71,33,13.8
404,Inhambane,MZ,2021-04-11 02:21:01,-23.865,35.3833,72.61,82,2,5.32
405,Novyy Urengoy,RU,2021-04-11 02:24:13,66.0833,76.6333,31.3,90,100,12.57
406,Camacha,PT,2021-04-11 02:25:43,33.0833,-16.3333,64.4,88,75,6.91
407,Villa Carlos Paz,AR,2021-04-11 02:25:43,-31.4241,-64.4978,57.0,80,40,5.99
408,Kununurra,AU,2021-04-11 02:24:42,-15.7667,128.7333,91.4,49,50,4.61
409,Manzanillo,CU,2021-04-11 02:25:43,20.3433,-77.1167,76.33,77,69,2.84
410,Montepuez,MZ,2021-04-11 02:25:44,-13.1256,38.9997,66.49,98,100,5.37
411,Noumea,NC,2021-04-11 02:25:44,-22.2763,166.4572,84.2,79,20,5.75
412,Zapolyarnyy,RU,2021-04-11 02:25:44,69.4154,30.8136,19.4,73,0,16.11
413,Pandan,PH,2021-04-11 02:25:45,14.0453,124.1694,82.35,69,36,10.36
414,Kloulklubed,PW,2021-04-11 02:25:45,7.0419,134.2556,82.4,83,75,8.77
415,Dudinka,RU,2021-04-11 02:25:46,69.4058,86.1778,15.17,97,94,5.39
416,Yarmolyntsi,UA,2021-04-11 02:25:46,49.1924,26.8373,37.8,62,0,7.07
417,Piacabucu,BR,2021-04-11 02:25:47,-10.4056,-36.4344,77.2,86,21,7.25
418,Frolovo,RU,2021-04-11 02:25:47,49.7713,43.6622,39.0,92,100,8.01
419,Goderich,CA,2021-04-11 02:25:48,43.7501,-81.7165,66.2,52,100,19.57
420,Hami,CN,2021-04-11 02:25:48,42.8,93.45,56.08,34,100,11.56
421,Monopoli,IT,2021-04-11 02:25:48,40.9559,17.2896,50.0,100,20,12.66
422,Muravlenko,RU,2021-04-11 02:25:49,63.7898,74.523,29.26,91,74,7.49
423,Porto Novo,BJ,2021-04-11 02:25:49,6.4965,2.6036,80.65,82,93,6.26
424,Pedasi,PA,2021-04-11 02:25:50,7.5333,-80.0333,71.01,87,94,1.63
425,Kieta,PG,2021-04-11 02:25:50,-6.2167,155.6333,79.63,83,100,4.21
426,Harper,LR,2021-04-11 02:25:50,4.375,-7.7169,79.79,83,76,6.38
427,Sechura,PE,2021-04-11 02:25:50,-5.5569,-80.8222,73.87,72,82,13.24
428,Riyadh,SA,2021-04-11 02:25:51,24.6877,46.7219,89.6,13,20,5.75
429,Batangafo,CF,2021-04-11 02:25:51,7.3008,18.2833,76.14,50,88,4.85
430,Hualmay,PE,2021-04-11 02:25:51,-11.0964,-77.6139,69.06,86,99,6.17
431,Eureka,US,2021-04-11 02:25:52,40.8021,-124.1637,52.0,74,0,8.99
432,Port-Gentil,GA,2021-04-11 02:22:33,-0.7193,8.7815,82.15,80,100,10.42
433,Sampit,ID,2021-04-11 02:24:16,-2.5333,112.95,82.27,87,100,1.72
434,Padang,ID,2021-04-11 02:24:22,-0.9492,100.3543,82.4,83,75,2.3
435,Kemi,FI,2021-04-11 02:25:52,65.8596,24.8228,26.6,80,0,8.05
436,Katherine,AU,2021-04-11 02:25:52,-14.4667,132.2667,95.0,38,74,4.61
437,Metro,ID,2021-04-11 02:25:53,-5.1131,105.3067,80.35,80,91,0.85
438,Redlands,US,2021-04-11 02:25:53,34.0556,-117.1825,73.4,33,75,9.22
439,Keetmanshoop,NA,2021-04-11 02:25:53,-26.5833,18.1333,71.6,37,0,8.05
440,Caxias,PT,2021-04-11 02:25:54,38.7031,-9.2767,60.01,94,40,3.44
441,Wewak,PG,2021-04-11 02:25:54,-3.5534,143.6268,85.1,69,100,7.47
442,Shumikha,RU,2021-04-11 02:25:54,55.2261,63.2961,35.71,95,99,9.89
443,Sovetskiy,RU,2021-04-11 02:25:55,61.3614,63.5842,34.88,98,100,4.45
444,Ust-Kuyga,RU,2021-04-11 02:25:55,70.0167,135.6,-1.19,68,8,3.36
445,Bandarbeyla,SO,2021-04-11 02:25:55,9.4942,50.8122,77.29,74,0,5.82
446,Porto Murtinho,BR,2021-04-11 02:25:56,-21.6989,-57.8825,79.95,56,1,5.57
447,Emba,KZ,2021-04-11 02:25:56,48.8264,58.1442,39.36,88,15,11.83
448,Benghazi,LY,2021-04-11 02:22:11,32.1167,20.0667,57.36,48,65,12.75
449,Kenai,US,2021-04-11 02:25:56,60.5544,-151.2583,24.8,42,1,11.5
450,Klaksvik,FO,2021-04-11 02:25:57,62.2266,-6.589,28.4,64,100,6.91
451,Gayny,RU,2021-04-11 02:25:57,60.3071,54.3241,33.78,99,100,1.39
452,Marawi,PH,2021-04-11 02:25:57,7.9986,124.2928,81.0,85,90,1.99
453,Mbini,GQ,2021-04-11 02:25:58,1.574,9.6134,77.0,100,40,5.97
454,Abu Samrah,SY,2021-04-11 02:25:58,35.3029,37.1841,45.64,72,69,13.53
455,Rocha,UY,2021-04-11 02:25:58,-34.4833,-54.3333,67.39,99,100,7.07
456,Viransehir,TR,2021-04-11 02:25:18,37.2353,39.7631,40.37,88,10,2.82
457,Bosaso,SO,2021-04-11 02:25:59,11.2842,49.1816,77.31,65,0,12.88
458,Baghdad,IQ,2021-04-11 02:22:01,33.3406,44.4009,59.0,44,0,18.41
459,Vanimo,PG,2021-04-11 02:25:59,-2.6741,141.3028,85.3,67,95,9.78
460,Huarmey,PE,2021-04-11 02:21:54,-10.0681,-78.1522,69.93,87,100,7.36
461,Kodinar,IN,2021-04-11 02:25:59,20.7903,70.7031,78.31,48,0,9.62
462,Sao Vicente,BR,2021-04-11 02:26:00,-23.9631,-46.3919,78.01,26,1,3.65
463,Broome,US,2021-04-11 02:26:00,42.2506,-75.833,59.0,77,1,6.91
464,Zhengjiatun,CN,2021-04-11 02:26:00,43.5064,123.5064,62.82,32,99,25.26
465,Tommot,RU,2021-04-11 02:26:01,58.9564,126.2925,13.78,70,100,12.64
466,Trojes,AL,2021-04-11 02:26:01,41.756,19.962,39.2,87,0,3.44
467,Nassau,US,2021-04-11 02:26:02,40.7507,-73.5829,55.0,94,90,5.75
468,Lat Yao,TH,2021-04-11 02:26:02,15.751,99.7893,84.99,78,88,3.85
469,Tiznit,MA,2021-04-11 02:26:02,29.5833,-9.5,55.26,90,87,3.65
470,Azad Shahr,IR,2021-04-11 02:26:03,34.7909,48.5707,52.21,56,94,8.34
471,Nyurba,RU,2021-04-11 02:26:03,63.2842,118.3319,11.39,78,99,8.23
472,Hofn,IS,2021-04-11 02:26:03,64.2539,-15.2082,30.31,52,100,5.68
473,Mahibadhoo,MV,2021-04-11 02:26:03,3.7833,72.9667,83.05,72,6,7.07
474,Durango,MX,2021-04-11 02:26:02,24.8333,-104.8333,70.32,18,3,14.14
475,Kohat,PK,2021-04-11 02:26:04,33.582,71.4493,64.4,68,40,4.61
476,Muisne,EC,2021-04-11 02:26:04,0.6,-80.0333,76.98,85,64,3.4
477,Lichinga,MZ,2021-04-11 02:26:05,-13.3128,35.2406,60.8,100,0,13.8
478,Kupang,ID,2021-04-11 02:26:05,-10.1667,123.5833,82.58,74,43,3.83
479,Nantucket,US,2021-04-11 02:23:00,41.2835,-70.0995,46.4,100,90,8.05
480,Ketchikan,US,2021-04-11 02:24:57,55.3422,-131.6461,37.4,75,90,6.91
481,Morondava,MG,2021-04-11 02:26:06,-20.2833,44.2833,75.52,64,100,2.86
482,Port Blair,IN,2021-04-11 02:26:07,11.6667,92.75,84.42,71,31,6.22
483,Sakakah,SA,2021-04-11 02:26:08,29.9697,40.2064,50.0,46,0,10.36
484,Oxford,GB,2021-04-11 02:22:29,51.7522,-1.256,32.0,93,20,5.75
485,Chumikan,RU,2021-04-11 02:26:08,54.7183,135.315,34.95,62,2,24.92
486,Petrovskaya,RU,2021-04-11 02:26:08,45.4314,37.955,42.8,81,100,11.18
487,Coquimbo,CL,2021-04-11 02:26:09,-29.9533,-71.3436,57.2,77,0,1.14
488,Oshkosh,US,2021-04-11 02:22:30,44.0247,-88.5426,52.0,93,90,19.57
489,Brae,GB,2021-04-11 02:26:09,60.3964,-1.353,32.0,86,94,8.05
490,Tezu,IN,2021-04-11 02:26:10,27.9167,96.1667,81.09,45,14,0.72
491,Ilebo,CD,2021-04-11 02:26:10,-4.3167,20.5833,69.67,98,100,1.88
492,State College,US,2021-04-11 02:24:38,40.7934,-77.86,59.0,88,90,7.9
493,Kisangani,CD,2021-04-11 02:26:11,0.5167,25.2,70.61,99,100,2.59
494,Porbandar,IN,2021-04-11 02:24:22,21.6422,69.6093,75.2,94,0,11.5
495,Ihosy,MG,2021-04-11 02:26:11,-22.4,46.1167,65.41,89,77,6.26
496,Khasan,RU,2021-04-11 02:26:11,42.4308,130.6434,47.1,70,100,4.25
497,Marrakesh,MA,2021-04-11 02:26:12,31.6315,-8.0083,57.2,77,40,4.61
498,Challapata,BO,2021-04-11 02:26:12,-18.9,-66.7667,53.26,47,100,0.76
499,Kiama,AU,2021-04-11 02:26:12,-34.6833,150.8667,64.99,44,5,8.99
500,Worland,US,2021-04-11 02:26:12,44.0169,-107.9554,61.0,17,1,6.91
501,Katsuura,JP,2021-04-11 02:26:13,35.1333,140.3,61.0,54,20,4.61
502,Westport,US,2021-04-11 02:26:13,41.1415,-73.3579,55.4,82,1,11.5
503,Vilyuysk,RU,2021-04-11 02:26:13,63.7553,121.6247,9.41,79,96,9.31
504,Grand Baie,MU,2021-04-11 02:26:14,-20.0182,57.5802,79.0,73,100,5.01
505,Zhigansk,RU,2021-04-11 02:26:14,66.7697,123.3711,5.79,79,1,16.75
506,Toora-Khem,RU,2021-04-11 02:26:14,52.4675,96.11,30.22,62,66,4.29
507,Taoudenni,ML,2021-04-11 02:26:15,22.6783,-3.9836,81.39,16,0,9.75
508,Mayo,US,2021-04-11 02:26:15,38.8876,-76.5119,61.0,96,100,1.01
509,Kjollefjord,NO,2021-04-11 02:26:15,70.9457,27.3465,30.72,86,100,20.58
510,Saskatoon,CA,2021-04-11 02:24:41,52.1168,-106.6345,46.0,53,75,12.66
511,Bahia Blanca,AR,2021-04-11 02:26:16,-38.7196,-62.2724,56.35,87,100,5.01
512,Warren,US,2021-04-11 02:26:16,39.4334,-84.1666,60.01,100,40,10.36
513,Conde,BR,2021-04-11 02:26:16,-7.2597,-34.9075,75.2,100,75,7.94
514,Chateau-Thierry,FR,2021-04-11 02:26:17,49.05,3.4,46.99,95,100,5.01
515,Atar,MR,2021-04-11 02:26:17,20.5169,-13.0499,77.07,24,42,11.25
516,Shimoda,JP,2021-04-11 02:26:17,34.6667,138.95,59.0,58,20,13.8
517,Sao Paulo De Olivenca,BR,2021-04-11 02:26:18,-3.3783,-68.8725,73.11,97,100,1.3
518,Guiratinga,BR,2021-04-11 02:26:18,-16.3494,-53.7583,75.16,66,94,4.59
519,Yaan,NG,2021-04-11 02:26:19,7.3833,8.5667,79.14,69,100,11.25
520,Pitkyaranta,RU,2021-04-11 02:26:19,61.5734,31.4792,31.42,87,8,12.71
521,Dumas,US,2021-04-11 02:26:19,35.8656,-101.9732,60.01,30,1,5.75
522,Bismarck,US,2021-04-11 02:24:16,46.8083,-100.7837,55.99,26,1,12.66
523,Hovd,MN,2021-04-11 02:26:20,48.0056,91.6419,30.04,49,97,3.44
524,Mahanoro,MG,2021-04-11 02:26:20,-19.9,48.8,73.31,91,27,4.65
525,Cascais,PT,2021-04-11 02:26:21,38.6979,-9.4215,60.01,92,0,8.01
526,Bilibino,RU,2021-04-11 02:26:21,68.0546,166.4372,4.59,67,77,5.84
527,Tianpeng,CN,2021-04-11 02:22:04,30.9866,103.9393,59.0,94,40,4.61
528,Bintulu,MY,2021-04-11 02:26:21,3.1667,113.0333,77.0,94,40,2.3
529,Omsukchan,RU,2021-04-11 02:26:22,62.5333,155.8,-2.65,77,100,7.58
530,Paita,PE,2021-04-11 02:26:22,-5.0892,-81.1144,70.93,81,33,10.49
531,Bubaque,GW,2021-04-11 02:26:23,11.2833,-15.8333,76.73,72,4,14.03
532,Margate,GB,2021-04-11 02:26:23,51.3813,1.3862,39.99,74,100,8.01
533,Ewa Beach,US,2021-04-11 02:26:23,21.3156,-158.0072,78.8,47,90,10.36
534,Lyngseidet,NO,2021-04-11 02:26:23,69.5763,20.2189,33.8,93,75,12.66
535,Basar,IN,2021-04-11 02:26:24,27.9833,94.6667,71.6,83,75,9.22
536,Miquelon,PM,2021-04-11 02:26:24,47.0975,-56.3814,39.2,75,75,6.91
537,Stykkisholmur,IS,2021-04-11 02:26:24,65.0757,-22.7297,35.11,97,100,14.29
538,Wuwei,CN,2021-04-11 02:26:25,37.9281,102.6414,55.67,26,71,1.07
539,Vaitape,PF,2021-04-11 02:26:25,-16.5167,-151.75,82.56,69,64,7.34
540,Strezhevoy,RU,2021-04-11 02:26:25,60.7333,77.5889,35.6,100,90,4.47
